{"val_images_table": {"_type": "table-file", "sha256": "6a63e1edfd67239d7cbace6a6a775e68e3e960afc184355bc99253da652bb38b", "size": 146, "artifact_path": "wandb-client-artifact://uv18tfx83o0aroagks1lr9wnhgy829w3ngbezu2llspxljbofus7ict64xrkakl2ijc24yw8nnrxb2noy2e6y4d7mo10jx9hehf0shbv9wjgctdpiat5u2sk25ef7ijz:latest/val_images_table.table.json", "_latest_artifact_path": "wandb-client-artifact://uv18tfx83o0aroagks1lr9wnhgy829w3ngbezu2llspxljbofus7ict64xrkakl2ijc24yw8nnrxb2noy2e6y4d7mo10jx9hehf0shbv9wjgctdpiat5u2sk25ef7ijz:latest/val_images_table.table.json", "path": "media/table/val_images_table_121_6a63e1edfd67239d7cba.table.json", "ncols": 3, "nrows": 3}, "_timestamp": 1714663175.451293, "_runtime": 369.5102550983429, "_step": 125, "valid/logits": {"_type": "histogram", "values": [883, 448, 2332, 4143, 4620, 5015, 9209, 61990, 160729, 101312, 214732, 348919, 518396, 823123, 396883, 329065, 187073, 67549, 5967, 1175, 1036, 1018, 1097, 1401, 1766, 2113, 4412, 4598, 4048, 2475, 2398, 2475], "bins": [-8.908284187316895, -8.224729537963867, -7.541175365447998, -6.857621192932129, -6.174066543579102, -5.490511894226074, -4.806957721710205, -4.123403549194336, -3.4398488998413086, -2.7562944889068604, -2.072740077972412, -1.3891856670379639, -0.7056312561035156, -0.022076845169067383, 0.6614775657653809, 1.345031976699829, 2.0285863876342773, 2.7121407985687256, 3.395695209503174, 4.079249382019043, 4.76280403137207, 5.446358680725098, 6.129912853240967, 6.813467025756836, 7.497021675109863, 8.18057632446289, 8.864130020141602, 9.547684669494629, 10.231239318847656, 10.914793968200684, 11.598348617553711, 12.281902313232422, 12.96545696258545]}, "global_step": 111, "train/loss_step": 1.1464319229125977, "epoch": 3, "trainer/global_step": 111, "val/loss": 2.24904203414917, "val/val_accuracy": 0.18150408565998077, "New best model saved with miou:": 0.18150408565998077, "train/loss_epoch": 1.1300545930862427, "test/loss": 2.148526668548584, "test/test_accuracy": 0.21160802245140076, "_wandb": {"runtime": 369}}